latitude,longitude,brightness,scan,track,acq_date,acq_time,satellite,instrument,confidence,version,bright_t31,frp,daynight,type
12.1011,42.402,336.6,1.8,1.3,2012-04-09,1017,Aqua,MODIS,80,6.03,312.5,29.5,D,0
12.3299,42.4142,331,4.2,1.9,2012-04-29,0827,Terra,MODIS,27,6.03,305,94.2,D,0
12.3173,42.394,334.8,1.8,1.3,2012-05-10,0808,Terra,MODIS,46,6.03,309.2,30.4,D,0
12.3145,42.4105,334.6,1.8,1.3,2012-05-10,0808,Terra,MODIS,52,6.03,309,36.7,D,0
11.8654,42.0898,335.6,1.1,1.1,2012-05-12,0756,Terra,MODIS,66,6.03,311.3,16.1,D,0
11.4428,42.3142,333.2,3.4,1.7,2012-05-13,1005,Aqua,MODIS,85,6.03,308.1,57.4,D,0
11.4593,41.9733,331.5,2.7,1.6,2012-05-20,1011,Aqua,MODIS,37,6.03,308.4,43.6,D,0
12.2884,42.4246,327.3,1.9,1.3,2013-03-26,0809,Terra,MODIS,25,6.03,302.7,37.6,D,0
11.2897,42.2881,347.3,1,1,2013-04-06,0751,Terra,MODIS,90,6.03,314.1,35.1,D,0
11.8622,42.0961,332.6,2.3,1.5,2013-04-18,0815,Terra,MODIS,64,6.03,307.6,44.9,D,0
11.4459,42.2883,331.7,2.5,1.5,2013-04-18,0815,Terra,MODIS,53,6.03,307.2,39,D,0
11.8685,42.0957,337.2,1.4,1.2,2013-04-20,0803,Terra,MODIS,77,6.03,314.2,26.8,D,0
11.8582,42.0938,334.6,1.4,1.2,2013-04-20,0803,Terra,MODIS,57,6.03,311.4,20.1,D,0
11.4418,42.3164,336.6,1.5,1.2,2013-04-20,0803,Terra,MODIS,58,6.03,312.5,22,D,0
11.45,42.2938,337,2.5,1.5,2013-04-21,1011,Aqua,MODIS,79,6.03,311.6,47.9,D,0
12.3107,42.4144,335.2,3.2,1.7,2013-04-25,0821,Terra,MODIS,74,6.03,306.6,84.6,D,0
11.521,41.9021,334.9,1.6,1.2,2013-05-05,1023,Aqua,MODIS,51,6.03,310.6,22.3,D,0
11.4319,42.3375,330.9,3.3,1.7,2013-08-20,1004,Aqua,MODIS,69,6.03,304.8,57,D,0
11.4471,42.3344,330.4,3.3,1.7,2013-08-20,1004,Aqua,MODIS,62,6.03,304.4,50.9,D,0
11.6052,43.1424,313.1,2.1,1.4,2013-10-12,0720,Terra,MODIS,57,6.03,301.5,19.4,D,3
11.6076,43.1492,311.2,1.6,1.3,2014-02-02,0802,Terra,MODIS,37,6.03,299.3,12.9,D,3
11.8615,42.091,342.9,1,1,2014-04-04,1036,Aqua,MODIS,42,6.03,316.8,24.1,D,0
12.3203,42.4004,332.3,3.1,1.7,2014-04-28,0821,Terra,MODIS,51,6.03,306.4,79.1,D,0
12.3054,42.3979,334.4,3.1,1.7,2014-04-28,0821,Terra,MODIS,40,6.03,306.1,93.6,D,0
11.5833,41.9838,328.9,3,1.7,2014-04-28,0821,Terra,MODIS,43,6.03,303.6,39.3,D,0
11.4351,42.2975,329.5,3.2,1.7,2014-04-28,0821,Terra,MODIS,60,6.03,301.8,43.6,D,0
12.3151,42.396,335.5,1.8,1.3,2014-04-30,0809,Terra,MODIS,66,6.03,309.1,28.7,D,0
12.3123,42.4124,338.3,1.8,1.3,2014-04-30,0809,Terra,MODIS,77,6.03,312.3,38,D,0
11.5338,41.8716,325.7,2.1,1.4,2014-05-01,1017,Aqua,MODIS,28,6.03,299.6,15.7,D,0
11.5461,41.8685,329.4,2.1,1.4,2014-05-01,1017,Aqua,MODIS,35,6.03,303,31.1,D,0
11.5584,41.8655,332,2.1,1.4,2014-05-01,1017,Aqua,MODIS,38,6.03,305.4,38.2,D,0
11.8649,42.1077,337.2,1.1,1.1,2014-05-02,0757,Terra,MODIS,76,6.03,315.2,19.5,D,0
11.857,42.096,340.3,1.1,1.1,2014-05-02,0757,Terra,MODIS,67,6.03,314.1,24.5,D,0
11.7469,42.2091,336.3,1.1,1.1,2014-05-02,0757,Terra,MODIS,72,6.03,312.4,15.4,D,0
11.4647,42.306,338.1,1.2,1.1,2014-05-02,0757,Terra,MODIS,80,6.03,312.4,19.5,D,0
11.4568,42.294,338.3,1.2,1.1,2014-05-02,0757,Terra,MODIS,70,6.03,311.1,21.8,D,0
11.4551,42.3044,338.3,1.2,1.1,2014-05-02,0757,Terra,MODIS,77,6.03,311.1,20.5,D,0
11.4534,42.3149,335.9,1.2,1.1,2014-05-02,0757,Terra,MODIS,77,6.03,309.7,14.9,D,0
11.4736,41.9494,328.8,3.6,1.8,2014-05-03,1005,Aqua,MODIS,82,6.03,306.1,46.5,D,0
11.8685,42.0945,333.6,4,1.9,2014-05-05,0827,Terra,MODIS,73,6.03,309.7,94.7,D,0
11.612,41.9927,331.1,4,1.9,2014-05-05,0827,Terra,MODIS,29,6.03,307.8,80.3,D,0
11.5381,41.8979,332.6,3.9,1.8,2014-05-05,0827,Terra,MODIS,36,6.03,308.5,75.7,D,0
11.4553,42.3394,331.5,4.3,1.9,2014-05-05,0827,Terra,MODIS,62,6.03,307.1,85.9,D,0
11.4456,42.2983,333.1,4.3,1.9,2014-05-05,0827,Terra,MODIS,74,6.03,307.2,92.5,D,0
11.4384,42.3361,331.1,4.3,1.9,2014-05-05,0827,Terra,MODIS,67,6.03,307.3,84.4,D,0
11.4423,42.2924,332.3,4.3,1.9,2014-05-05,0827,Terra,MODIS,73,6.03,307.1,83.7,D,0
11.4354,42.3302,331.3,4.3,1.9,2014-05-05,0827,Terra,MODIS,71,6.03,307.6,85.3,D,0
11.8596,42.0982,338.3,1.4,1.2,2014-05-09,0803,Terra,MODIS,69,6.03,311,35.6,D,0
12.3042,42.3973,331.5,4.1,1.9,2014-05-12,0959,Aqua,MODIS,73,6.03,306.2,81.2,D,0
11.456,42.3364,332.5,3.3,1.7,2014-05-14,0821,Terra,MODIS,75,6.03,306,69,D,0
11.4462,42.3044,333,3.3,1.7,2014-05-14,0821,Terra,MODIS,76,6.03,306,72.8,D,0
11.455,42.3006,330.4,1.9,1.3,2014-05-16,0809,Terra,MODIS,61,6.03,304.7,23.4,D,0
11.601,42.0224,330.1,2,1.4,2014-05-17,1017,Aqua,MODIS,64,6.03,306.8,23,D,0
11.598,42.0037,334.2,2,1.4,2014-05-17,1017,Aqua,MODIS,61,6.03,308.5,35.9,D,0
11.8629,42.0869,332.7,2,1.4,2014-05-17,1017,Aqua,MODIS,69,6.03,306.5,26.2,D,0
11.0453,42.01,335.7,1.1,1.1,2014-05-18,0757,Terra,MODIS,71,6.03,311.8,14.3,D,0
12.1111,42.4009,333.3,2.5,1.5,2014-05-23,0815,Terra,MODIS,69,6.03,308.6,38,D,0
11.6156,41.9892,331.1,2.3,1.5,2014-05-23,0815,Terra,MODIS,43,6.03,307.5,39.2,D,0
11.5989,42.0078,331.4,2.3,1.5,2014-05-23,0815,Terra,MODIS,43,6.03,307.7,42.2,D,0
11.4678,42.3147,335,2.5,1.5,2014-05-23,0815,Terra,MODIS,77,6.03,308.6,57.4,D,0
11.4543,42.3123,334.8,2.5,1.5,2014-05-23,0815,Terra,MODIS,77,6.03,308.4,52.3,D,0
11.4447,42.2876,334.5,2.5,1.5,2014-05-23,0815,Terra,MODIS,77,6.03,307.8,48.2,D,0
11.4408,42.3098,334.3,2.5,1.5,2014-05-23,0815,Terra,MODIS,76,6.03,307.8,48.3,D,0
11.437,42.3321,333.6,2.5,1.5,2014-05-23,0815,Terra,MODIS,75,6.03,307.7,46.8,D,0
11.4235,42.3296,332.7,2.5,1.5,2014-05-23,0815,Terra,MODIS,73,6.03,307,41,D,0
11.41,42.3271,332.7,2.5,1.5,2014-05-23,0815,Terra,MODIS,73,6.03,306.9,39.9,D,0
11.4374,42.279,332.4,2.5,1.5,2014-05-23,0815,Terra,MODIS,73,6.03,306.6,38,D,0
11.4336,42.3018,334.1,2.5,1.5,2014-05-23,0815,Terra,MODIS,76,6.03,307.9,46.9,D,0
11.4299,42.3241,333.1,2.5,1.5,2014-05-23,0815,Terra,MODIS,74,6.03,307.6,42.5,D,0
11.461,42.2975,341,1.5,1.2,2014-05-24,1023,Aqua,MODIS,84,6.03,315.8,26.8,D,0
11.6961,41.8683,335.7,1,1,2014-05-27,0751,Terra,MODIS,73,6.03,310.7,12.8,D,0
11.7465,42.2123,332.3,1.1,1.1,2014-09-07,0757,Terra,MODIS,71,6.03,308.6,13.8,D,0
12.1134,42.409,334.9,1.4,1.2,2014-09-14,0803,Terra,MODIS,76,6.03,309.4,22.4,D,0
12.1029,42.4073,336.5,1.4,1.2,2014-09-14,0803,Terra,MODIS,79,6.03,309.4,25.1,D,0
11.6852,42.1391,332.5,1.4,1.2,2014-09-14,0803,Terra,MODIS,26,6.03,308.1,19.8,D,0
11.4487,42.2937,334.4,2.5,1.5,2014-09-15,1010,Aqua,MODIS,71,6.03,308.8,39.3,D,0
12.0451,42.187,331.6,1.8,1.3,2014-10-07,0809,Terra,MODIS,56,6.03,307.5,28.1,D,0
11.8642,42.095,337.8,1.8,1.3,2014-10-07,0809,Terra,MODIS,82,6.03,309,44.2,D,0
11.7537,42.2029,332,1.8,1.3,2014-10-07,0809,Terra,MODIS,73,6.03,306.6,26.4,D,0
11.7445,42.2119,331.1,1.8,1.3,2014-10-07,0809,Terra,MODIS,70,6.03,306.1,24.5,D,0
11.6966,42.1376,330.1,1.8,1.3,2014-10-07,0809,Terra,MODIS,70,6.03,306.6,24.8,D,0
11.6034,42.0005,331.7,1.8,1.3,2014-10-07,0809,Terra,MODIS,24,6.03,306.2,28.1,D,0
11.5282,41.9001,332.8,1.7,1.3,2014-10-07,0809,Terra,MODIS,44,6.03,307.6,32.2,D,0
11.4596,42.3056,335.9,1.9,1.3,2014-10-07,0809,Terra,MODIS,76,6.03,307.4,43,D,0
11.4539,42.3393,332.6,1.9,1.3,2014-10-07,0809,Terra,MODIS,76,6.03,305,32.3,D,0
11.4506,42.2869,333.5,1.9,1.3,2014-10-07,0809,Terra,MODIS,62,6.03,307.7,38.3,D,0
11.442,42.3372,333,1.9,1.3,2014-10-07,0809,Terra,MODIS,76,6.03,305.7,32.5,D,0
11.4449,42.2804,333.2,1.9,1.3,2014-10-07,0809,Terra,MODIS,77,6.03,307.6,36.4,D,0
11.4275,42.3118,332.7,1.9,1.3,2014-10-07,0809,Terra,MODIS,76,6.03,306.2,34.2,D,0
11.3935,42.1512,335,1.8,1.3,2014-10-07,0809,Terra,MODIS,61,6.03,307.4,43.8,D,0
11.4247,42.3514,332.4,1.2,1.1,2014-10-09,0757,Terra,MODIS,59,6.03,307.6,17.1,D,0
11.4089,42.3272,332.2,1.2,1.1,2014-10-09,0757,Terra,MODIS,61,6.03,306.5,13,D,0
11.2654,42.0667,333.2,1.1,1.1,2014-10-09,0757,Terra,MODIS,50,6.03,309.3,23.7,D,0
10.9878,41.8391,330.3,3.7,1.8,2014-10-10,1004,Aqua,MODIS,72,6.03,304.4,76.6,D,0
11.4303,42.3247,334.4,3.4,1.7,2014-10-10,1004,Aqua,MODIS,54,6.03,306.7,92.4,D,0
11.4456,42.3216,329.5,3.4,1.7,2014-10-10,1004,Aqua,MODIS,38,6.03,302.1,47.3,D,0
11.4404,42.2914,333.6,3.4,1.7,2014-10-10,1004,Aqua,MODIS,76,6.03,305.6,78.8,D,0
11.4411,42.3179,331.9,3.4,1.7,2014-10-10,1004,Aqua,MODIS,59,6.03,303.2,68.7,D,0
11.4358,42.2882,334.4,3.4,1.7,2014-10-10,1004,Aqua,MODIS,75,6.03,306.1,87.9,D,0
11.451,42.2847,334.4,3.4,1.7,2014-10-10,1004,Aqua,MODIS,77,6.03,307.2,87.1,D,0
11.751,42.8096,313.9,1.9,1.3,2014-11-26,1100,Aqua,MODIS,60,6.03,295.7,21.8,D,3
11.6093,43.1485,313.1,2.1,1.4,2015-04-25,0720,Terra,MODIS,37,6.03,299.7,19.8,D,3
11.492,42.2351,330.3,1.9,1.4,2015-05-04,1017,Aqua,MODIS,66,6.03,304.7,25.3,D,0
11.5393,41.8874,332.1,2.1,1.4,2015-05-04,1017,Aqua,MODIS,58,6.03,304,34.7,D,0
11.5517,41.8851,330.4,2.1,1.4,2015-05-04,1017,Aqua,MODIS,44,6.03,302.8,27.6,D,0
11.5611,41.8645,331.4,2.1,1.4,2015-05-04,1017,Aqua,MODIS,63,6.03,304.2,30.7,D,0
11.5975,42.0089,332.8,2,1.4,2015-05-04,1017,Aqua,MODIS,74,6.03,306.5,34.8,D,0
11.6098,42.0069,331.5,2,1.4,2015-05-04,1017,Aqua,MODIS,71,6.03,306.4,29.8,D,0
12.3073,42.4134,335.2,1.8,1.3,2015-05-04,1018,Aqua,MODIS,45,6.03,308.3,38.4,D,0
12.3284,42.4049,334.8,2.4,1.5,2015-05-10,0815,Terra,MODIS,64,6.03,307.5,52.4,D,0
12.3246,42.4268,335.5,2.4,1.5,2015-05-10,0815,Terra,MODIS,68,6.03,308.1,55.1,D,0
12.3151,42.4027,337.1,2.4,1.5,2015-05-10,0815,Terra,MODIS,73,6.03,307.5,63.8,D,0
12.3112,42.4244,338.1,2.4,1.5,2015-05-10,0815,Terra,MODIS,79,6.03,308.1,69.1,D,0
12.316,42.4197,335.7,2.4,1.5,2015-05-10,0815,Terra,MODIS,74,6.03,308.3,55.4,D,0
12.3064,42.3956,334.1,2.4,1.5,2015-05-10,0815,Terra,MODIS,61,6.03,307.2,47.3,D,0
12.3026,42.4174,335.8,2.4,1.5,2015-05-10,0815,Terra,MODIS,74,6.03,308.1,55.1,D,0
12.1326,42.4706,332.1,2.5,1.5,2015-05-10,0815,Terra,MODIS,62,6.03,306.1,43.8,D,0
12.1231,42.4463,332.5,2.4,1.5,2015-05-10,0815,Terra,MODIS,64,6.03,305.7,45,D,0
12.1192,42.4682,333,2.5,1.5,2015-05-10,0815,Terra,MODIS,65,6.03,305.5,48.1,D,0
12.1245,42.4637,332,2.5,1.5,2015-05-10,0815,Terra,MODIS,60,6.03,306.1,43.5,D,0
11.6388,42.2133,330.2,2.4,1.5,2015-05-10,0815,Terra,MODIS,44,6.03,304.6,36.1,D,0
11.6255,42.211,330.2,2.4,1.5,2015-05-10,0815,Terra,MODIS,44,6.03,304.5,32.2,D,0
11.6085,42.23,332.3,2.4,1.5,2015-05-10,0815,Terra,MODIS,61,6.03,305.4,43,D,0
11.5961,42.2445,329.3,2.4,1.5,2015-05-10,0815,Terra,MODIS,37,6.03,304.7,34.5,D,0
11.5962,42.0041,331.4,2.3,1.5,2015-05-10,0815,Terra,MODIS,46,6.03,305.2,40.5,D,0
11.5868,41.981,332,2.3,1.5,2015-05-10,0815,Terra,MODIS,64,6.03,305.1,36.7,D,0
11.5796,42.0223,329.3,2.3,1.5,2015-05-10,0815,Terra,MODIS,43,6.03,304.1,29.4,D,0
11.466,42.3059,332.3,2.5,1.5,2015-05-10,0815,Terra,MODIS,61,6.03,306.9,46.9,D,0
11.4622,42.328,331.6,2.5,1.5,2015-05-10,0815,Terra,MODIS,52,6.03,306.4,43.1,D,0
11.4526,42.3035,332.6,2.5,1.5,2015-05-10,0815,Terra,MODIS,66,6.03,306.8,45.7,D,0
11.443,42.279,332.5,2.4,1.5,2015-05-10,0815,Terra,MODIS,66,6.03,306.3,41.5,D,0
11.4392,42.301,333.2,2.5,1.5,2015-05-10,0815,Terra,MODIS,68,6.03,307,45.7,D,0
11.4354,42.323,332.7,2.5,1.5,2015-05-10,0815,Terra,MODIS,67,6.03,306.8,42.7,D,0
11.4315,42.3451,333.2,2.5,1.5,2015-05-10,0815,Terra,MODIS,68,6.03,306.7,46,D,0
11.4085,42.3181,332.7,2.5,1.5,2015-05-10,0815,Terra,MODIS,67,6.03,305.6,40.4,D,0
11.4046,42.3401,333.2,2.5,1.5,2015-05-10,0815,Terra,MODIS,68,6.03,306.2,43.7,D,0
11.4133,42.3039,336.3,1.5,1.2,2015-05-11,1023,Aqua,MODIS,71,6.03,310.5,16.4,D,0
11.39,42.1553,337,1.5,1.2,2015-05-11,1023,Aqua,MODIS,76,6.03,312,19.7,D,0
11.4405,42.3063,336.9,1.5,1.2,2015-05-11,1023,Aqua,MODIS,69,6.03,311.8,22.6,D,0
11.4915,42.2241,332.5,2.6,1.5,2015-05-13,1011,Aqua,MODIS,66,6.03,308.5,40.7,D,0
11.577,41.9916,339,1,1,2015-05-16,1042,Aqua,MODIS,63,6.03,316.1,9.8,D,0
11.5094,42.387,332.7,2.5,1.5,2015-05-26,0816,Terra,MODIS,67,6.03,306.3,45.2,D,0
11.8556,42.0968,331.4,2.3,1.5,2015-09-15,0815,Terra,MODIS,58,6.03,308.9,34.3,D,0
11.4766,42.3154,333.2,2.4,1.5,2015-09-15,0815,Terra,MODIS,73,6.03,307.1,43.4,D,0
11.4632,42.313,333,2.4,1.5,2015-09-15,0815,Terra,MODIS,73,6.03,306.6,45.2,D,0
11.4537,42.2887,335.1,2.4,1.5,2015-09-15,0815,Terra,MODIS,77,6.03,308.2,57.9,D,0
11.4499,42.3105,335.5,2.4,1.5,2015-09-15,0815,Terra,MODIS,77,6.03,308.2,59.3,D,0
11.446,42.3325,333.7,2.5,1.5,2015-09-15,0815,Terra,MODIS,74,6.03,307.6,51.4,D,0
11.4403,42.2863,336.1,2.4,1.5,2015-09-15,0815,Terra,MODIS,79,6.03,308.5,64.9,D,0
11.4365,42.3081,335.9,2.4,1.5,2015-09-15,0815,Terra,MODIS,78,6.03,308.6,62.4,D,0
11.4288,42.3519,334.1,2.5,1.5,2015-09-15,0815,Terra,MODIS,72,6.03,306.9,56.5,D,0
11.4231,42.3056,333.9,2.4,1.5,2015-09-15,0815,Terra,MODIS,75,6.03,308.2,50.8,D,0
11.4551,42.3059,334.1,2.4,1.5,2015-09-15,0815,Terra,MODIS,75,6.03,308.2,51.9,D,0
11.4454,42.2816,334.5,2.4,1.5,2015-09-15,0815,Terra,MODIS,77,6.03,308.4,56.6,D,0
11.4406,42.3077,336.6,1.4,1.2,2015-09-17,0803,Terra,MODIS,75,6.03,311.4,21.4,D,0
11.5917,42.0031,331.4,2.7,1.6,2016-02-25,1010,Aqua,MODIS,75,6.03,303.4,49.5,D,0
11.5876,41.979,334,2.7,1.6,2016-02-25,1010,Aqua,MODIS,80,6.03,304.5,60.8,D,0
11.6378,42.1902,330.4,2.6,1.5,2016-02-25,1010,Aqua,MODIS,76,6.03,303.6,43.6,D,0
11.704,42.1257,328.7,2.6,1.6,2016-02-25,1010,Aqua,MODIS,48,6.03,302.6,43.3,D,0
11.7178,42.1229,328.2,2.6,1.6,2016-02-25,1010,Aqua,MODIS,42,6.03,302.4,39.4,D,0
12.1056,42.4043,332.7,2.4,1.5,2016-02-25,1011,Aqua,MODIS,76,6.03,305.2,41.9,D,0
12.3201,42.4219,332.7,2.4,1.5,2016-02-25,1011,Aqua,MODIS,76,6.03,305.9,39.1,D,0
12.3164,42.4002,332.7,2.4,1.5,2016-02-25,1011,Aqua,MODIS,66,6.03,305.5,39,D,0
11.861,42.0969,335.5,1.7,1.3,2016-03-18,0809,Terra,MODIS,50,6.03,313.6,31.6,D,0
12.3223,42.4087,332.8,3.2,1.7,2016-05-03,0821,Terra,MODIS,63,6.03,303.9,67.9,D,0
11.4373,42.3078,332,1.9,1.3,2016-05-05,0809,Terra,MODIS,63,6.03,303.3,30,D,0
11.4344,42.3245,331.6,1.9,1.3,2016-05-05,0809,Terra,MODIS,74,6.03,303,26.6,D,0
11.4254,42.3057,333.3,1.9,1.3,2016-05-05,0809,Terra,MODIS,77,6.03,303.1,32.2,D,0
11.4226,42.3224,333.3,1.9,1.3,2016-05-05,0809,Terra,MODIS,77,6.03,302.9,31.5,D,0
11.4197,42.3391,332.2,1.9,1.3,2016-05-05,0809,Terra,MODIS,75,6.03,302.4,28.5,D,0
11.0492,42.0275,331.6,2,1.4,2016-05-06,1017,Aqua,MODIS,81,6.03,305.6,30,D,0
11.5911,42.4271,332.1,3,1.7,2016-07-08,1111,Aqua,MODIS,48,6.03,306.5,47.6,D,0
12.0719,42.3536,338.2,1.2,1.1,2016-07-23,1028,Aqua,MODIS,75,6.03,312.8,10.5,D,0
11.8662,42.1046,330.4,2.3,1.5,2016-09-17,0815,Terra,MODIS,59,6.03,301.8,35,D,0
11.4618,42.299,336,2.4,1.5,2016-09-17,0815,Terra,MODIS,55,6.03,306.7,65.7,D,0
11.458,42.3206,335.8,2.4,1.5,2016-09-17,0815,Terra,MODIS,56,6.03,306.8,62.6,D,0
11.4542,42.3423,333.6,2.4,1.5,2016-09-17,0815,Terra,MODIS,68,6.03,305.7,49.5,D,0
11.4485,42.2966,334.8,2.4,1.5,2016-09-17,0815,Terra,MODIS,49,6.03,306.5,57,D,0
11.4447,42.3182,334.8,2.4,1.5,2016-09-17,0815,Terra,MODIS,58,6.03,306.2,54.9,D,0
11.4409,42.3398,334.1,2.4,1.5,2016-09-17,0815,Terra,MODIS,73,6.03,305.4,50.3,D,0
11.4667,42.2931,333.4,2.4,1.5,2016-09-17,0815,Terra,MODIS,34,6.03,306.4,52.3,D,0
11.4631,42.3148,335,2.4,1.5,2016-09-17,0815,Terra,MODIS,55,6.03,307,57,D,0
11.4595,42.3365,333.2,2.4,1.5,2016-09-17,0815,Terra,MODIS,72,6.03,306.1,46.5,D,0
11.4498,42.3124,334.4,2.4,1.5,2016-09-17,0815,Terra,MODIS,74,6.03,306.6,49.4,D,0
11.4462,42.334,334.2,2.4,1.5,2016-09-17,0815,Terra,MODIS,74,6.03,306.1,49,D,0
11.4328,42.3316,333.6,2.4,1.5,2016-09-17,0815,Terra,MODIS,73,6.03,305.1,45.1,D,0
11.4195,42.3291,333.8,2.4,1.5,2016-09-17,0815,Terra,MODIS,73,6.03,305.8,44.3,D,0
11.4158,42.3507,332,2.4,1.5,2016-09-17,0815,Terra,MODIS,69,6.03,304.4,36.5,D,0
11.4549,42.301,337.5,1.8,1.3,2016-09-26,0809,Terra,MODIS,78,6.03,308.2,47.1,D,0
11.4521,42.3175,337,1.8,1.3,2016-09-26,0809,Terra,MODIS,74,6.03,308,43.8,D,0
11.4493,42.334,336.3,1.8,1.3,2016-09-26,0809,Terra,MODIS,77,6.03,307.7,39.2,D,0
11.4465,42.3505,333.5,1.9,1.3,2016-09-26,0809,Terra,MODIS,71,6.03,306.7,29.7,D,0
11.4375,42.3319,334.8,1.8,1.3,2016-09-26,0809,Terra,MODIS,74,6.03,308.1,32.9,D,0
11.4347,42.3484,334.1,1.9,1.3,2016-09-26,0809,Terra,MODIS,72,6.03,308.1,31.9,D,0
11.4461,42.3106,334.1,1.8,1.3,2016-09-26,0809,Terra,MODIS,74,6.03,307.7,31.5,D,0
11.8639,42.1032,331.1,1.7,1.3,2016-10-12,0809,Terra,MODIS,39,6.03,308.9,23.9,D,0
11.5212,43.1651,326.3,1.1,1,2016-10-27,1028,Aqua,MODIS,68,6.03,306.8,7.9,D,0
11.5218,43.1708,308.3,1,1,2016-11-03,2249,Aqua,MODIS,74,6.03,295.2,7.3,N,0
11.5381,41.8985,317.6,3,1.6,2016-11-27,0821,Terra,MODIS,9,6.03,294.1,34.1,D,0
11.4444,42.3035,333.8,1.4,1.2,2017-05-01,0803,Terra,MODIS,72,6.03,307,21.2,D,0
12.3045,42.4296,331.6,3.1,1.7,2017-05-06,0821,Terra,MODIS,33,6.03,302.9,75.3,D,0
11.6201,41.9702,331,3,1.6,2017-05-06,0821,Terra,MODIS,45,6.03,304.6,51.1,D,0
11.469,42.3062,328.5,3.2,1.7,2017-05-06,0821,Terra,MODIS,61,6.03,299.7,50.4,D,0
11.8608,42.101,333.3,2,1.4,2017-05-09,1016,Aqua,MODIS,63,6.03,308.7,32,D,0
11.4602,42.2963,334.8,1.1,1.1,2017-05-10,0757,Terra,MODIS,40,6.03,310.7,16.7,D,0
11.5845,41.9734,331.9,3.6,1.8,2017-05-11,1004,Aqua,MODIS,84,6.03,303.8,63.9,D,0
11.4607,42.331,331.7,4.2,1.9,2017-05-13,0827,Terra,MODIS,77,6.03,301.2,88.4,D,0
11.4572,42.3238,331.8,4.2,1.9,2017-05-13,0827,Terra,MODIS,78,6.03,301.6,91,D,0
11.4405,42.3204,331.4,4.2,1.9,2017-05-13,0827,Terra,MODIS,77,6.03,301.5,89.4,D,0
11.4381,42.2865,338,1.5,1.2,2017-05-16,1022,Aqua,MODIS,43,6.03,310.3,37.2,D,0
11.4553,42.3252,339.4,1.5,1.2,2017-05-16,1022,Aqua,MODIS,59,6.03,313.2,40.5,D,0
11.4532,42.3117,338.2,1.5,1.2,2017-05-16,1022,Aqua,MODIS,46,6.03,311.8,37.8,D,0
11.6619,42.4681,334.6,1.4,1.2,2017-05-16,1022,Aqua,MODIS,40,6.03,310,15.8,D,0
11.6414,42.3372,330.6,1.5,1.2,2017-05-16,1022,Aqua,MODIS,33,6.03,305.7,22,D,0
12.1298,42.4723,331.5,2.4,1.5,2017-05-31,0815,Terra,MODIS,56,6.03,307.1,39.2,D,0
11.459,42.3291,333.8,2.4,1.5,2017-05-31,0815,Terra,MODIS,71,6.03,307,44.2,D,0
11.4494,42.3051,333.9,2.4,1.5,2017-05-31,0815,Terra,MODIS,71,6.03,307.7,43.9,D,0
11.4457,42.3266,333.3,2.4,1.5,2017-05-31,0815,Terra,MODIS,70,6.03,307.1,41.6,D,0
11.442,42.3482,331.4,2.4,1.5,2017-05-31,0815,Terra,MODIS,64,6.03,305.3,33.8,D,0
11.4153,42.3433,332.4,2.4,1.5,2017-05-31,0815,Terra,MODIS,67,6.03,306.2,37.4,D,0
11.8081,43.0164,320.8,1,1,2017-07-31,0745,Terra,MODIS,49,6.03,304.2,9.9,D,3
11.5203,43.172,342.8,1.3,1.1,2017-08-04,1022,Aqua,MODIS,62,6.03,315.8,26.7,D,0
11.5184,43.1602,341.7,1.3,1.1,2017-08-04,1022,Aqua,MODIS,82,6.03,317.7,21.7,D,0
11.4348,42.3377,332.2,3.3,1.7,2017-09-11,0821,Terra,MODIS,78,6.03,306.7,61.4,D,0
11.8646,42.1012,332.3,1.8,1.3,2017-09-13,0809,Terra,MODIS,68,6.03,306.9,27.4,D,0
11.4607,42.3121,334.4,1.9,1.3,2017-09-13,0809,Terra,MODIS,74,6.03,305.9,33.9,D,0
11.4579,42.3289,332.8,1.9,1.3,2017-09-13,0809,Terra,MODIS,71,6.03,305,29.4,D,0
11.4488,42.31,334.4,1.9,1.3,2017-09-13,0809,Terra,MODIS,67,6.03,305.8,34.9,D,0
11.4251,42.3059,334.8,1.9,1.3,2017-09-13,0809,Terra,MODIS,75,6.03,305.1,36.4,D,0
11.4341,42.2842,332,1.9,1.3,2017-09-13,0809,Terra,MODIS,41,6.03,304.3,29.8,D,0
11.4414,42.2781,333.7,2.4,1.5,2017-09-20,0815,Terra,MODIS,75,6.03,309,46.6,D,0
11.4376,42.3003,334.6,2.5,1.5,2017-09-20,0815,Terra,MODIS,77,6.03,309.8,50.4,D,0
11.5224,43.1675,334.8,1,1,2017-11-04,0744,Terra,MODIS,80,6.03,306.4,18.6,D,0
11.5157,43.1594,328.2,1.2,1.1,2017-11-04,1047,Aqua,MODIS,61,6.03,305.5,12.6,D,0
11.5093,43.1816,322.7,1.1,1,2017-12-31,0738,Terra,MODIS,61,6.03,307.8,6.9,D,0
11.4977,42.2345,334.1,1.4,1.2,2018-04-18,0803,Terra,MODIS,42,6.03,310.8,18.7,D,0
11.459,42.3069,332.5,1.2,1.1,2018-04-27,0757,Terra,MODIS,72,6.03,305.7,14.3,D,0
11.4574,42.3175,331,1.2,1.1,2018-04-27,0757,Terra,MODIS,69,6.03,305,12.3,D,0
11.4432,42.2828,333.1,1.2,1.1,2018-04-27,0758,Terra,MODIS,74,6.03,305.8,15.1,D,0
11.4382,42.3144,335,1.2,1.1,2018-04-27,0758,Terra,MODIS,77,6.03,306.1,18.5,D,0
11.4365,42.325,333.4,1.2,1.1,2018-04-27,0758,Terra,MODIS,74,6.03,305.8,16.1,D,0
11.5927,42.4494,332.3,1,1,2018-04-29,0745,Terra,MODIS,56,6.03,306.7,10.4,D,0
11.4589,42.2931,331.3,2.5,1.5,2018-05-02,0816,Terra,MODIS,69,6.03,305.2,40.2,D,0
11.4511,42.2861,331,2.5,1.5,2018-05-02,0816,Terra,MODIS,69,6.03,305.3,37.7,D,0
11.5201,43.1606,332.9,1,1,2018-07-18,0746,Terra,MODIS,73,6.03,302.7,14.8,D,0
11.5187,43.1697,325.9,1,1,2018-07-18,0746,Terra,MODIS,44,6.03,301.8,6.1,D,0
11.517,43.1659,332.8,1.2,1.1,2018-07-18,1047,Aqua,MODIS,62,6.03,297,18.3,D,0
11.5155,43.1548,331,1.2,1.1,2018-07-18,1047,Aqua,MODIS,48,6.03,298.4,14.6,D,0
11.9417,42.3199,333.3,1.1,1.1,2018-07-27,0739,Terra,MODIS,44,6.03,311,15.6,D,0
11.5845,42.4378,330.3,3.2,1.7,2018-09-03,1005,Aqua,MODIS,34,6.03,300.6,52.7,D,0
11.4303,42.312,336,1.9,1.4,2018-09-16,0810,Terra,MODIS,77,6.03,312,33.7,D,0
11.4244,42.3464,335.3,1.9,1.4,2018-09-16,0810,Terra,MODIS,76,6.03,311.7,33.1,D,0
11.8646,42.0907,333.9,1.1,1.1,2018-09-18,0758,Terra,MODIS,38,6.03,311.7,15.4,D,0
11.4715,42.334,336.5,1.2,1.1,2018-09-18,0758,Terra,MODIS,73,6.03,312.2,16.7,D,0
11.864,42.1,332.6,2.3,1.5,2019-03-18,0815,Terra,MODIS,65,6.03,310.5,44.6,D,0
11.8713,42.0946,331.9,1.7,1.3,2019-03-27,0809,Terra,MODIS,63,6.03,307.4,35,D,0
11.8598,42.0925,330.8,1.7,1.3,2019-03-27,0809,Terra,MODIS,65,6.03,305.5,29.2,D,0
11.8571,42.1085,330.8,1.7,1.3,2019-03-27,0809,Terra,MODIS,27,6.03,306.5,33,D,0
11.5314,41.9084,335,2.1,1.4,2019-04-13,1017,Aqua,MODIS,51,6.03,310.3,39.4,D,0
12.1014,42.3968,336.3,1.4,1.2,2019-04-18,0732,Terra,MODIS,41,6.03,312.7,20.1,D,0
12.0781,42.3393,333.3,2.4,1.5,2019-04-19,0815,Terra,MODIS,80,6.03,304.2,45.8,D,0
11.8554,42.1091,331.5,2.3,1.5,2019-04-19,0815,Terra,MODIS,77,6.03,304.2,40.4,D,0
11.4257,42.2905,335.3,1.5,1.2,2019-04-20,1023,Aqua,MODIS,77,6.03,310.9,22.4,D,0
11.4427,42.3289,335.6,1.5,1.2,2019-04-20,1023,Aqua,MODIS,78,6.03,310.3,21.4,D,0
11.4406,42.3154,334.8,1.5,1.2,2019-04-20,1023,Aqua,MODIS,76,6.03,309.9,19.4,D,0
11.4385,42.3019,335.9,1.5,1.2,2019-04-20,1023,Aqua,MODIS,78,6.03,310.8,23,D,0
11.4364,42.2884,336.6,1.5,1.2,2019-04-20,1023,Aqua,MODIS,79,6.03,311.1,26,D,0
11.4493,42.3001,335.9,1.5,1.2,2019-04-20,1023,Aqua,MODIS,78,6.03,311,22.9,D,0
11.4472,42.2865,335.2,1.5,1.2,2019-04-20,1023,Aqua,MODIS,77,6.03,310.5,22.4,D,0
11.4546,42.3064,335.6,1.5,1.2,2019-04-20,1023,Aqua,MODIS,78,6.03,310.6,22,D,0
11.4524,42.2929,335.6,1.5,1.2,2019-04-20,1023,Aqua,MODIS,75,6.03,311.1,21.9,D,0
11.8661,42.0885,339.4,1.5,1.2,2019-04-20,1023,Aqua,MODIS,84,6.03,313,35.3,D,0
11.3882,42.3249,334.2,3.4,1.7,2019-05-17,1004,Aqua,MODIS,47,6.03,308.4,70.3,D,0
11.4561,42.2998,331,3.4,1.7,2019-05-17,1004,Aqua,MODIS,70,6.03,305.9,56.9,D,0
11.5873,41.9922,333.8,2.3,1.5,2019-05-21,0815,Terra,MODIS,78,6.03,303.3,42.1,D,0
11.4359,42.3307,330.8,2.4,1.5,2019-05-21,0815,Terra,MODIS,59,6.03,301.8,42.9,D,0
11.3936,42.1427,335.7,2,1.4,2019-05-31,1016,Aqua,MODIS,76,6.03,311.7,27,D,0
11.4793,41.9522,332.8,2.1,1.4,2019-05-31,1016,Aqua,MODIS,56,6.03,308.5,27.5,D,0
11.5246,41.899,333,2.1,1.4,2019-05-31,1016,Aqua,MODIS,45,6.03,309.6,29.8,D,0
11.5466,41.876,332.8,2.1,1.4,2019-05-31,1016,Aqua,MODIS,17,6.03,310.2,27.3,D,0
11.6706,42.1514,332.3,2,1.4,2019-05-31,1016,Aqua,MODIS,69,6.03,308.5,27.6,D,0
11.6921,42.1295,331.7,2,1.4,2019-05-31,1016,Aqua,MODIS,71,6.03,307.9,25.3,D,0
11.7811,42.1073,330.4,2,1.4,2019-05-31,1016,Aqua,MODIS,56,6.03,306.5,21.1,D,0
11.8692,42.0869,335.4,2,1.4,2019-05-31,1016,Aqua,MODIS,27,6.03,306.8,48.9,D,0
11.7528,42.3547,332.8,1.4,1.2,2019-06-08,0803,Terra,MODIS,32,6.03,309.6,16.5,D,0
11.4582,42.294,336.8,1.4,1.2,2019-06-08,0803,Terra,MODIS,74,6.03,312.9,22.2,D,0
11.4477,42.2922,336.9,1.4,1.2,2019-06-08,0803,Terra,MODIS,74,6.03,312.9,23.1,D,0
11.4416,42.3307,336.7,1.4,1.2,2019-06-08,0803,Terra,MODIS,74,6.03,312.6,21.7,D,0
11.5237,43.1661,320.2,1.6,1.3,2019-08-13,2308,Aqua,MODIS,100,6.03,294.8,28.5,N,0
11.524,43.1607,313.3,1.6,1.3,2019-08-13,2308,Aqua,MODIS,81,6.03,294.4,15.3,N,0
11.5216,43.1755,314.8,1.6,1.3,2019-08-13,2308,Aqua,MODIS,86,6.03,294.9,18,N,0
11.4697,42.3347,333.7,1.8,1.3,2019-09-19,0808,Terra,MODIS,66,6.03,310.4,26.8,D,0
11.6493,42.1947,333.9,2.3,1.5,2019-09-26,0815,Terra,MODIS,58,6.03,310.2,37.2,D,0
11.4661,42.253,334,1,1,2019-09-30,0750,Terra,MODIS,79,6.03,307.9,13.8,D,0
11.8575,42.1067,322.8,2.3,1.5,2019-12-31,0814,Terra,MODIS,52,6.03,302.9,34.6,D,0
12.1121,42.4121,336.5,1.8,1.3,2020-04-14,0809,Terra,MODIS,82,6.03,309.5,37.9,D,0
12.1059,42.4052,335.4,1.8,1.3,2020-04-14,0809,Terra,MODIS,81,6.03,310.2,34.7,D,0
11.8682,42.096,333.5,1.8,1.3,2020-04-14,0809,Terra,MODIS,70,6.03,308.6,29.6,D,0
11.6004,42.2374,330.4,1.8,1.3,2020-04-14,0809,Terra,MODIS,30,6.03,306.5,25.4,D,0
11.632,41.9791,332.8,1.7,1.3,2020-04-14,0809,Terra,MODIS,64,6.03,307.8,29.5,D,0
11.5955,41.9996,333.9,1.8,1.3,2020-04-14,0809,Terra,MODIS,57,6.03,309,30,D,0
11.4969,42.2316,332.5,1.8,1.3,2020-04-14,0809,Terra,MODIS,60,6.03,307.4,30.1,D,0
11.4564,42.2865,331,1.9,1.3,2020-04-14,0809,Terra,MODIS,66,6.03,306.4,25,D,0
11.4446,42.2844,332.5,1.9,1.3,2020-04-14,0809,Terra,MODIS,70,6.03,307.3,28.7,D,0
11.4418,42.3011,332,1.9,1.3,2020-04-14,0809,Terra,MODIS,69,6.03,306.8,26.9,D,0
11.4363,42.3345,331.6,1.9,1.3,2020-04-14,0809,Terra,MODIS,66,6.03,306.7,29.5,D,0
11.4866,41.9584,333.5,1.7,1.3,2020-04-14,0809,Terra,MODIS,54,6.03,308.9,26.1,D,0
11.4272,42.3157,332.6,1.9,1.3,2020-04-14,0809,Terra,MODIS,71,6.03,306.8,28.3,D,0
11.5591,41.8998,331.9,1.1,1,2020-04-16,0757,Terra,MODIS,52,6.03,305.3,14.2,D,0
11.471,42.3101,332.5,1.2,1.1,2020-04-16,0757,Terra,MODIS,58,6.03,305.4,16.6,D,0
11.463,42.2981,333.8,1.2,1.1,2020-04-16,0757,Terra,MODIS,64,6.03,305.8,20.3,D,0
11.8651,42.1029,331.4,1.7,1.3,2020-04-16,1100,Aqua,MODIS,44,6.03,300.8,30.9,D,0
11.5544,43.111,328.5,1.3,1.1,2020-04-22,1023,Aqua,MODIS,58,6.03,302.2,15.8,D,2
12.0287,42.1925,338.6,1.1,1.1,2020-05-02,0756,Terra,MODIS,81,6.03,312.4,20.2,D,0
11.8599,42.0916,337.6,1.1,1.1,2020-05-02,0756,Terra,MODIS,79,6.03,311.3,17.8,D,0
11.8584,42.1017,339.5,1.1,1.1,2020-05-02,0756,Terra,MODIS,82,6.03,313.3,21.9,D,0
11.4584,42.2974,336.1,1.1,1.1,2020-05-02,0756,Terra,MODIS,50,6.03,311.1,19.5,D,0
11.4552,42.3182,337.2,1.2,1.1,2020-05-02,0756,Terra,MODIS,70,6.03,311.4,22.8,D,0
11.4519,42.339,333.8,1.2,1.1,2020-05-02,0756,Terra,MODIS,77,6.03,307.7,14.4,D,0
11.4502,42.3494,331.9,1.2,1.1,2020-05-02,0756,Terra,MODIS,73,6.03,306.7,11.2,D,0
11.4593,42.3358,333,3.4,1.7,2020-05-03,1004,Aqua,MODIS,81,6.03,304.3,79.4,D,0
11.4488,42.2753,333.7,3.4,1.7,2020-05-03,1004,Aqua,MODIS,86,6.03,305.5,88.5,D,0
11.6959,42.4617,324.1,3.2,1.7,2020-05-03,1004,Aqua,MODIS,0,6.03,296.3,82.2,D,0
11.6455,42.1886,328.3,3.4,1.7,2020-05-03,1004,Aqua,MODIS,33,6.03,298.9,75.2,D,0
12.217,43.2693,334,1,1,2020-05-04,0744,Terra,MODIS,50,6.03,309.1,16.9,D,0
12.0828,42.322,332.6,4.1,1.9,2020-05-05,0827,Terra,MODIS,39,6.03,302.7,113.4,D,0
12.3245,42.4146,335.3,2.4,1.5,2020-05-07,0815,Terra,MODIS,77,6.03,305.5,50.5,D,0
12.3113,42.4124,334.3,2.4,1.5,2020-05-07,0815,Terra,MODIS,71,6.03,305.6,46.5,D,0
12.1325,42.457,334.8,2.4,1.5,2020-05-07,0815,Terra,MODIS,75,6.03,303,58.9,D,0
12.1287,42.4785,331.6,2.4,1.5,2020-05-07,0815,Terra,MODIS,68,6.03,302.3,44.4,D,0
12.1192,42.4547,330.6,2.4,1.5,2020-05-07,0815,Terra,MODIS,59,6.03,302.1,40.2,D,0
12.1238,42.4501,330.1,2.4,1.5,2020-05-07,0815,Terra,MODIS,38,6.03,302.3,39,D,0
12.1854,43.3205,327.5,4.8,2,2020-05-21,0827,Terra,MODIS,48,6.03,299,64.3,D,0
11.6082,43.1436,316.6,1.6,1.2,2020-07-02,0726,Terra,MODIS,38,6.03,304.5,15,D,3
11.5516,43.1188,337,1,1,2020-07-25,1035,Aqua,MODIS,76,6.03,308.9,12.1,D,2
11.5869,41.9836,331.4,1.3,1.1,2020-07-28,0803,Terra,MODIS,35,6.03,303.1,16.7,D,0
11.5578,42.4601,331.8,2.5,1.5,2020-07-29,1010,Aqua,MODIS,56,6.03,303.6,40.5,D,0
11.5512,42.4568,331.5,2.5,1.5,2020-07-29,1010,Aqua,MODIS,69,6.03,304,39.4,D,0
11.5913,42.4469,330.4,2.5,1.5,2020-07-29,1010,Aqua,MODIS,0,6.03,303.3,37.7,D,0
12.3843,43.2102,326,3.6,1.8,2020-08-02,0821,Terra,MODIS,21,6.03,297,73.9,D,0
12.1,42.408,335.6,1.8,1.3,2020-08-20,0809,Terra,MODIS,34,6.03,310.1,55.6,D,0
11.877,42.0903,333.5,1.7,1.3,2020-08-20,0809,Terra,MODIS,69,6.03,308.5,22.7,D,0
11.8629,42.1041,334.4,1.7,1.3,2020-08-20,0809,Terra,MODIS,71,6.03,309.7,27.8,D,0
11.5428,41.8835,332.1,1.7,1.3,2020-08-20,0809,Terra,MODIS,60,6.03,307.1,27.9,D,0
11.5289,41.8968,330.7,1.7,1.3,2020-08-20,0809,Terra,MODIS,26,6.03,306.9,22.8,D,0
11.8675,42.0865,332.6,1.3,1.1,2020-08-29,0802,Terra,MODIS,73,6.03,308.6,17.8,D,0
11.8655,42.0988,334.7,1.3,1.1,2020-08-29,0802,Terra,MODIS,77,6.03,309.3,23.4,D,0
11.6388,42.3574,332.3,1.4,1.2,2020-08-29,0803,Terra,MODIS,39,6.03,308,19.4,D,0
11.8643,42.0966,331.3,3.4,1.7,2020-09-08,1004,Aqua,MODIS,72,6.03,303.1,56.3,D,0
11.6915,42.1983,332.5,2.3,1.5,2020-09-12,0815,Terra,MODIS,70,6.03,307.3,37,D,0
11.5645,41.8704,333.3,2.2,1.4,2020-09-12,0815,Terra,MODIS,75,6.03,306.8,39.7,D,0
11.487,42.2367,330,2.4,1.5,2020-09-12,0815,Terra,MODIS,40,6.03,306.1,35.3,D,0
11.463,42.3155,333.6,2.4,1.5,2020-09-12,0815,Terra,MODIS,63,6.03,307.8,50.7,D,0
11.5489,43.1062,335.5,1.3,1.1,2020-09-13,1023,Aqua,MODIS,35,6.03,311.9,9.9,D,0
11.4485,42.2869,336.2,1.8,1.3,2020-09-21,0809,Terra,MODIS,40,6.03,312.3,32.3,D,0
11.4458,42.3032,336.7,1.8,1.3,2020-09-21,0809,Terra,MODIS,50,6.03,312.5,33.8,D,0
11.443,42.3196,335.7,1.8,1.3,2020-09-21,0809,Terra,MODIS,51,6.03,311.9,28.8,D,0
11.4402,42.3359,335.4,1.8,1.3,2020-09-21,0809,Terra,MODIS,46,6.03,311.9,30.7,D,0
12.13,42.4533,334.4,2.4,1.5,2020-09-28,0815,Terra,MODIS,70,6.03,308.4,52.6,D,0
12.1262,42.4747,332.8,2.4,1.5,2020-09-28,0815,Terra,MODIS,72,6.03,307.4,46.6,D,0
11.8629,42.1025,332.3,2.3,1.5,2020-09-28,0815,Terra,MODIS,72,6.03,305,40.4,D,0
11.459,42.3101,332.9,2.4,1.5,2020-09-28,0815,Terra,MODIS,74,6.03,307.9,44.3,D,0
11.4457,42.3077,333.4,2.4,1.5,2020-09-28,0815,Terra,MODIS,75,6.03,307.7,44.6,D,0
11.442,42.3292,333.4,2.4,1.5,2020-09-28,0815,Terra,MODIS,74,6.03,307.7,45.2,D,0
11.4287,42.3268,333.9,2.4,1.5,2020-09-28,0815,Terra,MODIS,75,6.03,307.6,46.1,D,0
11.425,42.3482,332.7,2.4,1.5,2020-09-28,0815,Terra,MODIS,73,6.03,307.2,41.7,D,0
11.4154,42.3243,334.4,2.4,1.5,2020-09-28,0815,Terra,MODIS,76,6.03,307,48.2,D,0
11.4117,42.3457,332.8,2.4,1.5,2020-09-28,0815,Terra,MODIS,73,6.03,306.6,40.9,D,0
11.8563,42.1044,331,1.3,1.2,2020-09-30,0802,Terra,MODIS,50,6.03,307.8,16.1,D,0
11.4478,42.2812,336.9,1.4,1.2,2020-09-30,0803,Terra,MODIS,51,6.03,313.5,23,D,0
11.4457,42.2938,337.2,1.4,1.2,2020-09-30,0803,Terra,MODIS,40,6.03,313.4,22.3,D,0
11.8588,42.1006,335.5,2.3,1.5,2020-10-14,0815,Terra,MODIS,73,6.03,315,46.9,D,0
11.6321,42.362,333.1,1.4,1.2,2020-10-16,0802,Terra,MODIS,43,6.03,314.8,18.2,D,0
11.5141,43.1042,327.8,1.1,1,2020-11-21,0738,Terra,MODIS,67,6.03,310.6,10.1,D,0
11.5075,43.0973,327.3,1.1,1,2020-11-21,0738,Terra,MODIS,52,6.03,309.1,10.8,D,0
11.4612,41.9928,332.2,2.7,1.6,2021-04-27,1010,Aqua,MODIS,65,6.03,305.6,52.6,D,0
11.592,42.4249,329.9,2.5,1.5,2021-04-27,1010,Aqua,MODIS,43,6.03,302.7,31.7,D,0
12.1218,42.4581,335.1,2.4,1.5,2021-04-27,1010,Aqua,MODIS,77,6.03,309.3,52.5,D,0
11.9382,42.321,339.1,1.1,1.1,2021-05-05,0755,Terra,MODIS,84,6.03,312.5,20.1,D,0
11.5563,43.1101,332.9,1.1,1,2021-05-14,0748,Terra,MODIS,38,6.03,312.5,8.1,D,2
11.5086,43.0975,335.8,1.1,1,2021-06-03,1028,Aqua,MODIS,72,6.03,318.3,10.7,D,0
11.5124,43.0963,343.2,1,1,2021-06-08,0742,Terra,MODIS,84,6.03,314.7,24.6,D,0
11.5122,43.0981,334.4,1.2,1.1,2021-06-08,1047,Aqua,MODIS,68,6.03,314.8,11.1,D,0
11.5577,43.0857,329.8,1.1,1,2021-08-02,0747,Terra,MODIS,69,6.03,304,8.5,D,0
11.5829,41.9833,329.6,4.7,2,2021-09-04,0958,Aqua,MODIS,41,6.03,301.5,94,D,0
11.4552,42.3203,336.7,1.9,1.4,2021-09-25,1016,Aqua,MODIS,48,6.03,310.1,41.5,D,0
11.4468,42.278,332.5,1,1,2021-10-05,0746,Terra,MODIS,41,6.03,306.2,11.7,D,0
11.4689,42.3137,335.3,1.8,1.3,2021-10-10,0804,Terra,MODIS,69,6.03,305.9,38.6,D,0
11.4365,42.3187,333.9,1.8,1.3,2021-10-10,0804,Terra,MODIS,66,6.03,305,35.7,D,0
11.422,42.3331,333.1,1.8,1.3,2021-10-10,0804,Terra,MODIS,68,6.03,304.7,31.3,D,0
11.4693,43.2286,328.5,1,1,2021-12-01,0739,Terra,MODIS,68,6.03,308.9,13.4,D,0
11.8648,42.0944,323.1,3,1.7,2022-03-17,0812,Terra,MODIS,52,6.03,298.5,55.2,D,0
11.9476,43.1432,311.5,4.8,2,2022-04-25,0817,Terra,MODIS,12,6.03,284.7,45,D,0
12.3086,42.401,333.7,2.4,1.5,2022-04-27,0805,Terra,MODIS,65,6.03,307.4,44.8,D,0
12.3048,42.4227,334.6,2.4,1.5,2022-04-27,0805,Terra,MODIS,76,6.03,307.6,48.5,D,0
11.6656,42.4628,302.1,1.7,1.3,2022-07-24,1941,Terra,MODIS,13,6.03,290.5,17.9,N,0
11.509,43.0986,312,1,1,2022-07-27,2254,Aqua,MODIS,84,6.03,297,6,N,0
12.1095,42.4094,331.7,2.1,1.4,2022-08-07,1018,Aqua,MODIS,48,6.03,302.3,48.2,D,0
11.8651,42.0962,333,1.4,1.2,2022-09-04,0749,Terra,MODIS,75,6.03,309.4,20.7,D,0
11.6071,43.1483,318.4,1.6,1.3,2022-09-20,0748,Terra,MODIS,45,6.03,298.8,17.3,D,3
11.5922,42.4482,334.8,1,1,2022-09-22,0736,Terra,MODIS,64,6.03,310.3,10.7,D,0
11.5182,43.0983,303.6,1.1,1.1,2022-12-12,2249,Aqua,MODIS,56,6.03,293.2,5.7,N,0
11.4405,42.3314,331,1.9,1.3,2023-04-29,0746,Terra,MODIS,69,61.03,306.7,28.1,D,0
11.471,42.3217,332.8,1.3,1.1,2023-05-06,0738,Terra,MODIS,13,61.03,308.7,19.5,D,0
11.4691,42.3336,334.6,1.3,1.1,2023-05-06,0738,Terra,MODIS,57,61.03,309.3,21.8,D,0
11.4628,42.3081,334.6,1.3,1.1,2023-05-06,0738,Terra,MODIS,66,61.03,309.7,19.1,D,0
11.459,42.332,334.6,1.3,1.1,2023-05-06,0738,Terra,MODIS,67,61.03,309,22.1,D,0
11.4526,42.3128,333.4,1.3,1.1,2023-05-06,0738,Terra,MODIS,61,61.03,308.9,17.8,D,0
11.4507,42.3247,333.6,1.3,1.1,2023-05-06,0738,Terra,MODIS,73,61.03,308.9,17.9,D,0
11.4406,42.3231,334,1.3,1.1,2023-05-06,0738,Terra,MODIS,74,61.03,309.3,18.5,D,0
11.4854,41.9447,331.9,2,1.4,2023-05-07,1029,Aqua,MODIS,58,61.03,309,35.9,D,0
12.0364,42.1829,333.2,1.9,1.3,2023-05-07,1029,Aqua,MODIS,36,61.03,306.7,36.8,D,0
11.1438,41.8988,318.5,3.9,1.8,2023-05-09,1015,Aqua,MODIS,25,61.03,293.9,68.5,D,0
12.3136,42.4106,334.6,2.7,1.6,2023-05-16,0754,Terra,MODIS,70,61.03,308.1,58.6,D,0
11.4406,42.297,331.6,2.8,1.6,2023-05-16,0754,Terra,MODIS,66,61.03,305.2,44.6,D,0
11.4364,42.3214,333,2.8,1.6,2023-05-16,0754,Terra,MODIS,77,61.03,305.3,54.9,D,0
11.4321,42.3458,331.6,2.8,1.6,2023-05-16,0754,Terra,MODIS,75,61.03,305,51.2,D,0
11.4224,42.3188,331.9,2.8,1.6,2023-05-16,0754,Terra,MODIS,70,61.03,305.6,49.7,D,0
11.4042,42.3406,332.2,2.8,1.6,2023-05-16,0754,Terra,MODIS,67,61.03,305,51.2,D,0
11.4131,42.341,331.1,3.7,1.8,2023-05-16,1015,Aqua,MODIS,55,61.03,301.3,71.9,D,0
11.439,42.3013,330.2,3.7,1.8,2023-05-16,1015,Aqua,MODIS,83,61.03,301.3,57.3,D,0
11.4055,42.3379,330.3,3.7,1.8,2023-05-16,1015,Aqua,MODIS,42,61.03,302,56.6,D,0
11.4469,42.2952,330.7,3.7,1.8,2023-05-16,1015,Aqua,MODIS,65,61.03,301.9,62.6,D,0
11.6215,41.9705,330.4,3.9,1.8,2023-05-16,1015,Aqua,MODIS,30,61.03,305.4,82,D,0
11.6687,42.1412,326.3,3.8,1.8,2023-05-16,1015,Aqua,MODIS,30,61.03,303.4,53.6,D,0
12.3111,42.4131,331.8,2.4,1.5,2023-05-17,0657,Terra,MODIS,51,61.03,306,37.2,D,0
11.4292,42.309,333.3,1.4,1.2,2023-05-18,0738,Terra,MODIS,75,61.03,308.6,16.9,D,0
12.1318,42.4627,330.5,2.8,1.6,2023-05-28,0754,Terra,MODIS,44,61.03,305.6,44.3,D,0
11.8604,42.1005,329.6,2.6,1.6,2023-05-28,0754,Terra,MODIS,51,61.03,303.6,38.4,D,0
11.4344,42.3499,331,2.8,1.6,2023-05-28,0754,Terra,MODIS,73,61.03,302.9,51.5,D,0
11.429,42.298,331.7,2.8,1.6,2023-05-28,0754,Terra,MODIS,75,61.03,303.3,57.1,D,0
11.4204,42.3473,330.8,2.8,1.6,2023-05-28,0754,Terra,MODIS,73,61.03,302.7,45.5,D,0
11.4106,42.3201,331.8,2.8,1.6,2023-05-28,0754,Terra,MODIS,69,61.03,302.4,49.2,D,0
11.4389,42.2932,331.8,2.8,1.6,2023-05-28,0754,Terra,MODIS,60,61.03,303.4,55.7,D,0
11.4348,42.3179,331.8,2.8,1.6,2023-05-28,0754,Terra,MODIS,68,61.03,303.7,54.6,D,0
11.6597,42.4699,331.4,2,1.4,2023-05-28,1028,Aqua,MODIS,0,61.03,308.1,19,D,0
12.3168,42.437,331.1,1.9,1.4,2023-05-28,1029,Aqua,MODIS,33,61.03,303.7,55.5,D,0
11.6967,42.1945,332,1.9,1.3,2023-06-04,0745,Terra,MODIS,72,61.03,307.2,23.2,D,0
11.4589,42.3271,332.4,1.9,1.4,2023-06-04,0745,Terra,MODIS,38,61.03,309.4,29,D,0
11.2801,42.0541,344.1,1,1,2023-06-28,1053,Aqua,MODIS,85,61.03,319.6,19.6,D,0
11.1421,42.1217,300.4,2.7,1.6,2023-07-15,1839,Terra,MODIS,10,61.03,289.3,37.2,N,0
11.5573,43.1096,328.5,1.1,1,2023-08-17,0724,Terra,MODIS,30,61.03,304.7,11.1,D,2
11.5558,43.1195,327.7,1.1,1,2023-08-17,0724,Terra,MODIS,32,61.03,304.8,9.9,D,2
11.4495,42.2998,339.5,2.2,1.4,2023-08-18,1030,Aqua,MODIS,84,61.03,315.1,46,D,0
11.4655,42.3172,340.6,2.2,1.4,2023-08-18,1030,Aqua,MODIS,85,61.03,314.9,48,D,0
11.4622,42.2974,341.5,2.2,1.4,2023-08-18,1030,Aqua,MODIS,86,61.03,315.2,55.5,D,0
11.4559,42.3324,339.4,2.2,1.4,2023-08-18,1030,Aqua,MODIS,84,61.03,314.8,43.6,D,0
11.4525,42.3127,340.1,2.2,1.4,2023-08-18,1030,Aqua,MODIS,85,61.03,315.4,45.4,D,0
11.4491,42.293,340.1,2.2,1.4,2023-08-18,1030,Aqua,MODIS,85,61.03,315.1,47.2,D,0
12.0967,42.4025,335.9,1.3,1.1,2023-08-22,0732,Terra,MODIS,64,61.03,312.2,17.4,D,0
11.4797,41.9583,334.2,2.6,1.5,2023-08-25,1029,Aqua,MODIS,75,61.03,309.8,49,D,0
11.5325,41.8963,334.1,2.6,1.6,2023-08-25,1029,Aqua,MODIS,78,61.03,310.4,57.6,D,0
11.5462,41.8936,332.6,2.6,1.6,2023-08-25,1029,Aqua,MODIS,66,61.03,309.2,48.2,D,0
11.5559,41.8682,333.1,2.6,1.6,2023-08-25,1029,Aqua,MODIS,77,61.03,309,52,D,0
11.5928,42.0036,334.2,2.5,1.5,2023-08-25,1029,Aqua,MODIS,78,61.03,309.7,51,D,0
11.589,41.9808,337,2.6,1.5,2023-08-25,1029,Aqua,MODIS,78,61.03,311.5,63.9,D,0
11.5866,41.9979,335.6,2.5,1.5,2023-08-25,1029,Aqua,MODIS,66,61.03,310.6,56.2,D,0
11.6811,42.143,331.8,2.5,1.5,2023-08-25,1029,Aqua,MODIS,65,61.03,309.1,40.4,D,0
11.6945,42.1403,333.4,2.5,1.5,2023-08-25,1029,Aqua,MODIS,74,61.03,309.2,45.1,D,0
11.8584,42.1075,333.9,1.7,1.3,2023-08-27,0739,Terra,MODIS,66,61.03,310.3,24.5,D,0
11.5372,41.8769,330,3.2,1.7,2023-09-08,1025,Aqua,MODIS,70,61.03,305.6,56,D,0
11.5519,41.8732,331.3,3.2,1.7,2023-09-08,1025,Aqua,MODIS,73,61.03,306.1,67.7,D,0
11.4533,42.2817,335.4,1,1,2023-09-22,0721,Terra,MODIS,73,61.03,310.7,13.3,D,0
11.452,42.2907,337.9,1,1,2023-09-22,0721,Terra,MODIS,78,61.03,311.9,16.9,D,0
11.4506,42.2998,338.1,1,1,2023-09-22,0721,Terra,MODIS,78,61.03,312.2,17.3,D,0
11.4493,42.3088,337.7,1,1,2023-09-22,0721,Terra,MODIS,77,61.03,311.7,16,D,0
11.4444,42.2804,330.9,1,1,2023-09-22,0721,Terra,MODIS,53,61.03,306.1,6.9,D,0
11.4523,42.3018,331.3,2.3,1.5,2023-09-25,0745,Terra,MODIS,74,61.03,305.2,38.2,D,0
11.4613,42.3241,329.7,3.3,1.7,2023-09-30,0752,Terra,MODIS,55,61.03,305.1,57,D,0
